0,1,SK_ID_CURR
0.9546383049531229,0.045361695046877495,141616
0.9074831235838361,0.09251687641616427,416732
0.9506076592228273,0.04939234077717329,260855
0.9294241288369329,0.07057587116306765,153237
0.9501135465353258,0.049886453464674456,170717
0.90619016724978,0.09380983275022034,324513
0.9453868925415978,0.05461310745840252,200771
0.8838643346895394,0.116135665310461,319645
0.9544906401350467,0.04550935986495368,292908
0.9245005715953476,0.07549942840465257,232620
0.8984184930841229,0.10158150691587746,411783
0.924197612484182,0.07580238751581854,417758
0.9311333232228778,0.06886667677712269,259864
0.9494641342571313,0.0505358657428691,156864
0.9069901205261648,0.09300987947383563,127700
0.9340805183257664,0.06591948167423393,341086
0.9378885045042165,0.06211149549578398,358509
0.9400209406347098,0.059979059365290945,341877
0.9397940206977999,0.060205979302200445,405335
0.9489788264344393,0.05102117356556101,238782
0.9549697415104869,0.04503025848951382,164622
0.94872683606044,0.05127316393956038,336780
0.9388943643383076,0.061105635661692734,367488
0.9145281869176661,0.08547181308233431,173104
0.7927981911061691,0.20720180889383122,218532
0.9479459484760209,0.05205405152397953,295310
0.943616785821718,0.056383214178282334,399607
0.9396383949819064,0.0603616050180943,328094
0.9450043915186285,0.054995608481371965,413907
0.9383370261015158,0.06166297389848472,246876
0.951336403404088,0.0486635965959126,420676
0.9434883805118457,0.056511619488154884,291375
0.936133939567929,0.06386606043207137,404762
0.9482662982293923,0.05173370177060787,145070
0.9515841893316853,0.04841581066831518,385278
0.9519472636456932,0.04805273635430755,318463
0.91479735366096,0.08520264633904011,329286
0.8830698333358348,0.11693016666416561,358210
0.9438806497221033,0.05611935027789703,168101
0.9267753481889113,0.0732246518110891,108610
0.940631502021394,0.0593684979786064,447564
0.9526119043264291,0.04738809567357131,368508
0.933614363002408,0.06638563699759242,179503
0.9443419771613187,0.05565802283868147,284480
0.9470495738574236,0.05295042614257681,434469
0.8949863523735634,0.10501364762643693,319617
0.9564871809591993,0.04351281904080137,101954
0.9463226420749227,0.053677357925077746,384826
0.9502484050939504,0.04975159490605042,190479
0.9459323886809707,0.054067611319029873,393472
0.8990014372745853,0.10099856272541491,122996
0.9472860607540747,0.05271393924592575,354986
0.9519625904121858,0.048037409587814606,385954
0.9278591229092418,0.07214087709075871,354165
0.9231129443022056,0.07688705569779485,400052
0.9370230979634274,0.06297690203657295,349311
0.9381719353407522,0.061828064659248054,314980
0.890403963901223,0.10959603609877742,186897
0.9403503595480351,0.059649640451965504,216635
0.942622182935091,0.05737781706490936,106599
0.9039318818229813,0.09606811817701898,125400
0.895778111426011,0.10422188857398948,362620
0.952467891962018,0.04753210803798279,345516
0.9413766725884668,0.058623327411533574,148337
0.957861423969092,0.042138576030908544,200152
0.9495344651726476,0.050465534827352956,158665
0.9441304255178694,0.05586957448213086,305330
0.9328559769936824,0.067144023006318,333998
0.9382790551357131,0.06172094486428748,286532
0.9468423729957601,0.05315762700424032,114119
0.9557774089329285,0.044222591067072076,398540
0.9340297165551273,0.06597028344487303,187072
0.9306426447074638,0.06935735529253663,255487
0.9523037326560749,0.047696267343925375,181505
0.9442096765799545,0.05579032342004571,198063
0.9443161908757601,0.05568380912424026,384619
0.9156530142216249,0.08434698577837547,318313
0.946129118029424,0.05387088197057652,300332
0.9493541799990985,0.050645820000901585,227175
0.9306702161151725,0.06932978388482806,433753
0.938817765799285,0.061182234200715425,234608
0.9459153683080976,0.05408463169190286,336855
0.9410575295218859,0.05894247047811465,333298
0.9108665366484782,0.0891334633515224,444375
0.9495380904292361,0.050461909570764484,277323
0.9545175958961082,0.04548240410389247,315050
0.943315096766178,0.05668490323382243,439563
0.9394496949733089,0.060550305026691585,248882
0.9354588726432108,0.06454112735678962,325659
0.9069393477757345,0.09306065222426584,435405
0.9411242610508515,0.05887573894914889,186826
0.9416022008677305,0.05839779913226976,332874
0.9515191913515494,0.04848080864845107,227727
0.9419024321869336,0.05809756781306689,427536
0.9006899226809422,0.09931007731905796,100429
0.8602956694295743,0.13970433057042597,206470
0.9487660253879298,0.05123397461207066,287635
0.9291177232555416,0.07088227674445863,239165
0.9563591940072882,0.04364080599271245,347855
0.9442051302116238,0.05579486978837669,434544
0.9377403899554472,0.06225961004455313,314133
0.8882967034085515,0.11170329659144873,363101
0.9507309446844626,0.049269055315537894,396364
0.9309806598863095,0.06901934011369086,227754
0.9510869261200887,0.04891307387991175,438381
0.9456660873750384,0.05433391262496182,258908
0.9371791052657167,0.06282089473428344,194358
0.9474385446492508,0.05256145535074985,365830
0.9528103595298021,0.04718964047019867,276043
0.9268394071942597,0.07316059280574079,357255
0.950821115543794,0.04917888445620657,283686
0.9452847407390061,0.054715259260994215,138279
0.9363482266088322,0.06365177339116834,246329
0.9447005471290326,0.05529945287096801,442936
0.9312861622728278,0.06871383772717268,376780
0.9422492881873826,0.05775071181261795,369660
0.9484359912677826,0.05156400873221785,222245
0.9537083115985623,0.04629168840143846,247540
0.9490388311549198,0.05096116884508055,136504
0.9432784440990293,0.056721555900971346,341903
0.9128200331011358,0.08717996689886479,394469
0.9027311244619537,0.09726887553804671,194325
0.9440106820128962,0.05598931798710439,453522
0.908204056669561,0.09179594333043921,253980
0.9312824942554095,0.06871750574459096,366127
0.9572236497418314,0.042776350258169116,129885
0.9470034223953183,0.052996577604682106,199223
0.920209998449531,0.07979000155046943,266563
0.9398693094404713,0.06013069055952915,292488
0.9424529054151436,0.057547094584857,323614
0.8417072248008866,0.15829277519911386,423131
0.9460271740475394,0.05397282595246077,269311
0.8930160887290264,0.10698391127097383,225629
0.9061628428541484,0.09383715714585195,196056
0.9329295174124759,0.0670704825875243,208440
0.9474987762577013,0.05250122374229898,245750
0.9001235124584055,0.09987648754159491,145474
0.946151139725632,0.05384886027436814,147844
0.9085704398281932,0.09142956017180717,234622
0.9478279893730405,0.052172010626959774,285506
0.9404733784587068,0.05952662154129354,154492
0.9530878952461321,0.04691210475386831,130679
0.9256179320085152,0.07438206799148524,138681
0.9374040693767642,0.0625959306232363,100795
0.9489185260220603,0.0510814739779401,330544
0.9540173685504427,0.04598263144955758,139818
0.9481621661643882,0.051837833835612065,227689
0.9438720096287446,0.056127990371255744,158093
0.9238239586563622,0.07617604134363828,209473
0.9459647912113751,0.05403520878862542,401996
0.9370650811391198,0.06293491886088068,374193
0.9441269852547386,0.055873014745261844,448744
0.9346473697983122,0.06535263020168819,172368
0.8494241421018448,0.15057585789815542,407400
0.9452153723419638,0.05478462765803659,132176
0.9450878908690247,0.054912109130975696,348308
0.7310507759449619,0.2689492240550383,381630
0.8769044930695535,0.12309550693044685,114027
0.9487359220494967,0.05126407795050355,194645
0.9341151736960351,0.06588482630396508,156630
0.9335968649499341,0.06640313505006644,333686
0.9438589626999746,0.05614103730002566,170336
0.9266678876461666,0.07333211235383381,106344
0.9504342900774225,0.04956570992257796,388020
0.9523814241290782,0.04761857587092232,448396
0.9473115491256872,0.05268845087431341,181434
0.8798933804642156,0.1201066195357844,177364
0.9464983782988655,0.0535016217011347,188461
0.8689007693173352,0.1310992306826651,426519
0.9569081309988228,0.043091869001177716,156970
0.9420537767702006,0.05794622322979977,181670
0.954874377877542,0.0451256221224587,232532
0.9450090880392703,0.05499091196073036,436717
0.7914721526149683,0.20852784738503194,246865
0.9473477267385415,0.05265227326145898,119551
0.9245471727619967,0.07545282723800371,272634
0.9514165942905255,0.04858340570947513,114646
0.9511049261052138,0.048895073894786624,111769
0.8930971376891297,0.1069028623108704,417696
0.9435832575221655,0.05641674247783507,108759
0.9108588923597227,0.08914110764027768,438340
0.937615887600793,0.06238411239920742,212070
0.9559160194366463,0.04408398056335408,211338
0.955871796717059,0.04412820328294179,223486
0.8935699827906337,0.10643001720936672,294165
0.9487001280456989,0.05129987195430133,146460
0.9521767046020884,0.047823295397912365,309890
0.9199683761961004,0.08003162380390004,257396
0.9540909640373085,0.04590903596269187,267337
0.9536075994728521,0.04639240052714836,293877
0.9547869639612375,0.04521303603876296,302326
0.9455479893613472,0.05445201063865337,151140
0.9537821535675727,0.04621784643242779,298655
0.9342547176805266,0.06574528231947357,447120
0.9355025800756424,0.06449741992435813,309934
0.9506184013382497,0.049381598661750715,328518
0.910665044766873,0.08933495523312747,273257
0.9429019640633298,0.05709803593667054,376940
0.9182150215976824,0.08178497840231809,197298
0.9173998039849635,0.082600196015037,379354
0.949239861382514,0.050760138617486454,172712
0.95478973730519,0.0452102626948107,107148
0.9131978157629539,0.08680218423704669,228858
0.9491838267205358,0.05081617327946487,260448
0.9278258732526461,0.07217412674735427,148477
0.9414024650909023,0.05859753490909819,152210
0.9021513853444573,0.09784861465554295,200343
0.9451722095593382,0.05482779044066224,219271
0.8729975973505496,0.12700240264945073,105104
0.9472327834835133,0.05276721651648694,200540
0.954717515131247,0.04528248486875379,127096
0.9447195223918143,0.05528047760818631,224777
0.9504832318617917,0.049516768138208926,412007
0.9287173494133043,0.07128265058669613,444539
0.9450751270166867,0.05492487298331373,271386
0.9481485002246653,0.051851499775334965,214839
0.9445319057845702,0.05546809421543036,257303
0.956452891875391,0.043547108124609775,152658
0.9336021765308433,0.06639782346915724,258368
0.9372514035369819,0.06274859646301842,435178
0.9448239607943176,0.05517603920568268,208285
0.9373033101465663,0.06269668985343405,311511
0.9277687276741868,0.07223127232581358,210335
0.9567975023497374,0.04320249765026338,160419
0.8697154714414422,0.13028452855855824,288740
0.9419290160178823,0.05807098398211811,304750
0.9458219903865788,0.054178009613421646,394216
0.9550990333695278,0.044900966630472564,318427
0.9406877134427012,0.05931228655729919,403819
0.9552074621558617,0.044792537844138815,225529
0.9232835657167863,0.07671643428321419,280695
0.9097854959547722,0.09021450404522824,336193
0.8984697836894925,0.10153021631050786,108686
0.9572089838821835,0.04279101611781724,327175
0.9238254464538458,0.0761745535461546,343171
0.9475598971307899,0.052440102869210484,224706
0.9462127100596927,0.05378728994030793,204442
0.9556843350167382,0.04431566498326242,330956
0.944511680749415,0.055488319250585415,165960
0.879161485226426,0.12083851477357427,284119
0.9495530591427399,0.05044694085726084,247970
0.8930187171923868,0.10698128280761371,341252
0.888865005500311,0.11113499449968917,379400
0.8930892078861454,0.10691079211385493,259263
0.8935696762861529,0.10643032371384736,194633
0.949184527970137,0.05081547202986347,252537
0.9567643112780772,0.04323568872192354,222260
0.8932542260091675,0.10674577399083308,337394
0.9398105062816795,0.06018949371832122,365780
0.9396591702249861,0.06034082977501428,450712
0.9502366994355395,0.049763300564460995,434537
0.9492869084607123,0.05071309153928813,313281
0.8781174030560475,0.12188259694395284,161943
0.945767341988889,0.05423265801111162,168015
0.9447054074486207,0.05529459255137956,287010
0.9556925458704996,0.04430745412950098,382085
0.9440287401242544,0.055971259875746034,190700
0.9436202921624985,0.05637970783750188,356922
0.9203225042505682,0.07967749574943211,131387
0.9078568875401971,0.09214311245980307,159942
0.9093473716494611,0.0906526283505392,202843
0.8831823905020468,0.11681760949795356,169657
0.9508181832188063,0.049181816781194286,250791
0.9537430936850761,0.046256906314924705,298953
0.9463547080130639,0.05364529198693663,183334
0.9250212923307436,0.0749787076692569,396703
0.9569079201076625,0.04309207989233805,290728
0.9341982473054173,0.06580175269458302,281540
0.9434103344959968,0.056589665504003746,425025
0.86618737292944,0.13381262707056046,430485
0.9550048373286409,0.04499516267135955,267078
0.9555601833654201,0.044439816634580395,319576
0.9521722643407026,0.047827735659297765,249785
0.9235811387143557,0.07641886128564493,146077
0.9442958449768795,0.055704155023121024,451653
0.945071916016216,0.0549280839837847,391561
0.9207732596446175,0.07922674035538281,316079
0.950287339043018,0.04971266095698262,345863
0.9560094993833756,0.04399050061662473,318073
0.9501558894875788,0.04984411051242163,351438
0.8658723370121487,0.1341276629878514,389188
0.9282755159740036,0.0717244840259969,100733
0.8830443874037102,0.11695561259629042,373473
0.8936600871644742,0.10633991283552596,237817
0.8639954415075137,0.13600455849248683,417458
0.929800211563883,0.07019978843611743,445865
0.9469502914936502,0.053049708506350324,215853
0.950125369262879,0.049874630737121256,301087
0.9377822268714822,0.06221777312851831,341355
0.9214931570523397,0.07850684294766064,232415
0.9183061219752807,0.08169387802471974,229960
0.9292365188884937,0.07076348111150682,130161
0.9538156349508842,0.046184365049116355,262434
0.9297517435332223,0.07024825646677818,383829
0.9517350914297785,0.04826490857022194,299388
0.9427781612631152,0.05722183873688511,266627
0.94263001631138,0.057369983688620445,377053
0.8861120453679817,0.11388795463201877,248213
0.9570725794787108,0.0429274205212897,393666
0.9387527631787833,0.06124723682121724,170183
0.9397257045466086,0.06027429545339189,331764
0.9462027789387946,0.05379722106120568,337887
0.8800208333979207,0.11997916660207977,105753
0.9374107452543424,0.06258925474565809,207028
0.9310902358249797,0.06890976417502072,285570
0.9418303138361427,0.05816968616385799,193360
0.9537466356233094,0.04625336437669132,135624
0.9535919910920339,0.046408008907966584,223337
0.9582685268456617,0.04173147315433888,401030
0.9492158724614694,0.05078412753853087,354052
0.9182234974251037,0.08177650257489649,232630
0.9273254636151045,0.07267453638489586,317807
0.9490109273243033,0.05098907267569722,362360
0.9574105680960227,0.04258943190397781,101541
0.9275110466037273,0.07248895339627297,428989
0.9161129171935615,0.08388708280643895,306280
0.9559651303266878,0.04403486967331257,270852
0.9168843691588093,0.08311563084119097,182361
0.9488817911899234,0.05111820881007704,197145
0.8935912990888919,0.1064087009111086,450726
0.8972612460329776,0.10273875396702276,217544
0.9317386970025465,0.06826130299745366,396398
0.9383534396823898,0.06164656031761053,352470
0.9554947443393453,0.04450525566065508,207438
0.9491139372529958,0.050886062747004634,417237
0.9482779152869489,0.05172208471305144,210855
0.9068548948985031,0.09314510510149736,133211
0.9476634260893745,0.052336573910625954,274189
0.9056359509915407,0.09436404900845959,202567
0.954292523262869,0.04570747673713153,249396
0.9329846627043311,0.0670153372956694,257606
0.8800130322486076,0.11998696775139293,381652
0.9347544585944548,0.06524554140554564,361528
0.9283187510726626,0.07168124892733779,424385
0.9456950130253772,0.05430498697462317,174503
0.9526542872512012,0.04734571274879923,216407
0.9478062883099402,0.05219371169006033,258487
0.9430744677898885,0.05692553221011204,415851
0.9160916906487482,0.0839083093512522,321827
0.935372552960771,0.06462744703922939,219154
0.9481956203100528,0.051804379689947645,171323
0.923799716147786,0.07620028385221436,454424
0.9469765028211639,0.053023497178836525,287201
0.9428788894601978,0.057121110539802664,210457
0.9405662903545088,0.05943370964549179,361771
0.9146700166703283,0.08532998332967216,399267
0.8991908458512902,0.10080915414871011,235345
0.8949881091982967,0.10501189080170362,258699
0.9436406581114117,0.05635934188858879,265513
0.8991805198237202,0.10081948017628005,182975
0.9429975474683537,0.057002452531646736,147776
0.9481549365881158,0.051845063411884426,273493
0.9501983317016399,0.049801668298360476,238890
0.9304211946697742,0.06957880533022609,242252
0.9261188150933406,0.07388118490665986,262902
0.9558829111235057,0.04411708887649517,378882
0.9499884376398775,0.05001156236012276,203125
0.926633013550692,0.07336698644930821,193778
0.9418202761751477,0.05817972382485273,103509
0.9564526739540176,0.043547326045983104,432955
0.9571659741733223,0.04283402582667823,334329
0.9444617793022962,0.055538220697704116,269847
0.9219470786721168,0.07805292132788369,359751
0.9501796670160572,0.049820332983943644,260779
0.9473798351172732,0.05262016488272726,326894
0.9530026465335821,0.04699735346641811,249533
0.9529600929419337,0.04703990705806684,380661
0.9349452261100805,0.06505477388991976,125721
0.8459183153987805,0.15408168460121963,268197
0.8770924881110435,0.12290751188895684,305871
0.9431865341851136,0.056813465814886756,381373
0.9363179567241002,0.06368204327590031,171818
0.9548787531214004,0.04512124687860013,449666
0.9418044156704015,0.05819558432959883,213251
0.9444179518688345,0.05558204813116602,450404
0.9519034741965156,0.048096525803484856,123208
0.9558561721270393,0.0441438278729615,397423
0.9554012917204194,0.04459870827958119,451777
0.9361229369057391,0.06387706309426133,312152
0.9512266806877402,0.04877331931226027,128198
0.9232796657420194,0.07672033425798103,269248
0.9536184093915955,0.04638159060840518,216026
0.941274967767996,0.05872503223200454,322565
0.9442546553994524,0.05574534460054812,321699
0.944290204791849,0.05570979520815138,287546
0.9569081309988228,0.043091869001177716,349499
0.913929300035891,0.08607069996410947,451197
0.9501789751454186,0.04982102485458166,433825
0.9437165791716967,0.056283420828303565,310786
0.9320689739804767,0.06793102601952371,429362
0.9016899466561302,0.09831005334386995,401544
0.9382983809410804,0.0617016190589201,257041
0.950066138489902,0.04993386151009867,445684
0.9487289177247367,0.05127108227526388,171979
0.9510345946960372,0.04896540530396343,320440
0.9407519303581564,0.05924806964184387,150527
0.9074823891564945,0.09251761084350564,204559
0.9376530979400539,0.06234690205994655,133672
0.9328416061909768,0.06715839380902361,298319
0.8826199119086152,0.11738008809138512,113731
0.9446792477700299,0.055320752229970765,196059
0.9381835396734642,0.06181646032653616,338303
0.9409815693184953,0.0590184306815052,184586
0.9533378577530911,0.04666214224690941,178109
0.9341146245631436,0.06588537543685676,414162
0.884972623561995,0.1150273764380054,274887
0.9572120379054384,0.04278796209456199,231196
0.8840541467060448,0.11594585329395565,351050
0.9461656410302614,0.0538343589697392,139953
0.8958436599710592,0.10415634002894109,102524
0.8330407160401323,0.16695928395986803,194317
0.9465860912382996,0.053413908761700844,280801
0.948148554036232,0.05185144596376859,157283
0.945136124193486,0.05486387580651437,400301
0.9320132011027447,0.06798679889725583,226055
0.9472874598477594,0.05271254015224118,282067
0.950756406705263,0.04924359329473742,209867
0.9473823714097077,0.05261762859029253,287719
0.9575510451392186,0.04244895486078185,403096
0.903917539345722,0.09608246065427822,351090
0.9522013028608736,0.04779869713912714,408244
0.9494841240821168,0.05051587591788375,256325
0.9367121623524811,0.0632878376475193,439004
0.9138186522124931,0.08618134778750733,133180
0.9332395191167283,0.06676048088327174,123782
0.9580933052236831,0.04190669477631743,385495
0.9317081059115319,0.06829189408846853,349611
0.8976644860841296,0.10233551391587081,316778
0.9367889424762361,0.06321105752376444,209349
0.9554946392290797,0.044505360770920585,342578
0.9228104367248929,0.07718956327510759,101999
0.9355902054021881,0.06440979459781221,251919
0.9356038849926298,0.06439611500737062,130584
0.9486200057310247,0.0513799942689759,186056
0.9455752219341303,0.054424778065870275,304675
0.945043239845583,0.05495676015441747,328414
0.9429566052040289,0.057043394795971716,354303
0.9408438484182878,0.05915615158171284,287153
0.9120121233320204,0.08798787666797984,202352
0.9467703310592274,0.053229668940773446,440985
0.9446026549656124,0.05539734503438824,384218
0.9543955580966035,0.04560444190339715,123280
0.9209983772392664,0.07900162276073423,345925
0.9223742819663459,0.0776257180336548,266055
0.9530645708140965,0.0469354291859041,178967
0.9158709628496271,0.08412903715037336,144513
0.9465879965152929,0.05341200348470755,317108
0.9491626663251204,0.05083733367488013,220958
0.9449494433385943,0.055050556661406284,117580
0.9097123249255995,0.09028767507440091,404089
0.9531326181795133,0.046867381820487226,274553
0.9051225392617706,0.09487746073822972,405988
0.9023483904964449,0.09765160950355543,429794
0.9320728563121599,0.06792714368784065,180125
0.8966148402289977,0.10338515977100268,105857
0.9474235439091543,0.052576456090845894,291736
0.9528058942434758,0.04719410575652451,230972
0.8432161771301075,0.15678382286989284,360349
0.9383218732910692,0.061678126708931476,250942
0.9411272421045725,0.058872757895427764,299263
0.929970853519505,0.07002914648049542,307633
0.9453393552452831,0.05466064475471735,186483
0.948613630611211,0.051386369388789446,327749
0.9419668318602551,0.05803316813974533,345811
0.9533083443730382,0.046691655626962224,329966
0.937580489595885,0.06241951040411542,292621
0.9370304383047663,0.06296956169523418,234973
0.8843724876325021,0.11562751236749821,227378
0.9492128172940154,0.05078718270598524,278032
0.933852412473099,0.06614758752690139,358461
0.9540136585209339,0.04598634147906664,445275
0.9269011385126349,0.0730988614873656,105919
0.9054452894133347,0.09455471058666573,392077
0.9382142074150933,0.061785792584906934,164398
0.9468342547183997,0.053165745281600535,236162
0.9148797137926931,0.08512028620730729,365321
0.9472565521139679,0.05274344788603262,182271
0.8662249328261467,0.1337750671738536,139398
0.9569768934317362,0.043023106568264594,411622
0.9540284229406367,0.04597157705936387,341628
0.8847204121181491,0.11527958788185116,329183
0.9424622581993727,0.057537741800627706,415370
0.9299920395748374,0.07000796042516291,202432
0.8570180731724035,0.14298192682759686,450318
0.930052087983225,0.0699479120167755,330418
0.9563870358532838,0.043612964146716726,295361
0.9303729374624973,0.0696270625375031,231566
0.9516534812078886,0.04834651879211194,349683
0.9317224821735373,0.0682775178264632,309925
0.910685779190769,0.08931422080923145,200672
0.9394625068936275,0.06053749310637285,158528
0.9443925568603072,0.05560744313969319,251774
0.9129944839393082,0.08700551606069204,302238
0.9553585788107165,0.04464142118928411,410335
0.9338947749856508,0.06610522501434958,446621
0.9221035356201424,0.07789646437985791,360757
0.8988690090840972,0.1011309909159033,394378
0.9421211498994211,0.057878850100579395,312179
0.9425359156933353,0.05746408430666527,289385
0.9032255359547928,0.0967744640452077,431004
0.9559748368145417,0.04402516318545917,383242
0.9497068886197111,0.05029311138028916,328361
0.9555916160251822,0.04440838397481825,271493
0.9550367686440715,0.04496323135592924,338712
0.9286254591074536,0.07137454089254658,211276
0.9247573993052539,0.07524260069474642,313449
0.949275085733159,0.05072491426684134,440006
0.9305980531580791,0.0694019468419214,451569
0.9446055617122663,0.05539443828773423,398434
0.9531797604608835,0.046820239539117126,116478
0.9445518484558577,0.05544815154414274,279136
0.947206976283099,0.05279302371690143,270294
0.9469008408031938,0.05309915919680657,308293
0.9002541302692414,0.09974586973075876,259341
0.9501428653207803,0.04985713467922026,122037
0.8968136756706753,0.10318632432932512,220665
0.9373452102548547,0.06265478974514585,118441
0.950412885841982,0.04958711415801876,154413
0.9481002884940902,0.05189971150591014,123704
0.9068972110502129,0.09310278894978735,185722
0.9515654006527419,0.04843459934725864,226480
0.95021691997143,0.0497830800285706,240534
0.955871796717059,0.04412820328294179,407048
0.9431430431043648,0.05685695689563552,105938
0.9580933052236831,0.04190669477631743,240245
0.8881040377207094,0.11189596227929069,337824
0.949593066864669,0.050406933135331344,105395
0.9528084128838356,0.04719158711616506,423004
0.9552253842038665,0.04477461579613396,369603
0.8884973698102957,0.11150263018970463,313840
0.9413463735281715,0.05865362647182883,258552
0.8236401223246029,0.17635987767539732,389731
0.9455450719166365,0.054454928083364225,390876
0.9508097826026705,0.049190217397330184,245002
0.9499412969106839,0.05005870308931667,395562
0.9059713070880551,0.09402869291194518,441515
0.9261727184415421,0.07382728155845836,257316
0.9565413565431738,0.04345864345682671,199928
0.9297475061091386,0.07025249389086177,110645
0.9193753327907145,0.08062466720928602,363804
0.9529492444976659,0.047050755502334424,308162
0.9161113984249556,0.08388860157504487,165654
0.9465192194748421,0.05348078052515826,440036
0.9481925989041612,0.05180740109583915,377253
0.9428099393759304,0.05719006062407006,115663
0.9367520837074912,0.0632479162925095,242861
0.880374423498982,0.11962557650101836,264194
0.951635864305514,0.04836413569448668,347019
0.9502812844462594,0.049718715553741195,406411
0.9029852416835829,0.09701475831641741,215223
0.9360072266947056,0.06399277330529494,279645
0.9545211166810019,0.04547888331899878,316910
0.9418188045949819,0.05818119540501864,382411
0.9422760411024816,0.057723958897518524,260606
0.9581080370886161,0.0418919629113844,316637
0.9161406329796672,0.08385936702033316,202884
0.9530527626733304,0.0469472373266699,316714
0.9409575349038677,0.05904246509613248,332778
0.931569375941102,0.06843062405889844,234932
0.9570437936403738,0.042956206359626804,101240
0.9523976800695144,0.04760231993048624,406385
0.9347838736164533,0.06521612638354704,272316
0.9339743788804887,0.06602562111951178,183343
0.9481801224616091,0.0518198775383914,256966
0.901943671953851,0.09805632804614925,369763
0.9483517416562651,0.051648258343735244,277043
0.9497351410649152,0.05026485893508549,134792
0.8877248046318875,0.11227519536811272,201717
0.9533887270300425,0.04661127296995801,182046
0.9554744371884258,0.04452556281157452,213461
0.9534828184993178,0.04651718150068272,215427
0.9501135465353258,0.049886453464674456,234272
0.9515478170873587,0.048452182912641945,453628
0.9277739962150305,0.07222600378496985,292253
0.9438611859436838,0.0561388140563166,253449
0.958550075865828,0.041449924134172485,369397
0.9403913002867654,0.05960869971323505,211919
0.9403909079536921,0.05960909204630842,196227
0.9093096191006046,0.09069038089939585,295410
0.9517603945422899,0.04823960545771067,182698
0.8819478714336317,0.11805212856636871,419108
0.9568779177656725,0.04312208223432805,125675
0.9499729744861602,0.050027025513840036,281042
0.8831424446971584,0.1168575553028419,287751
0.9441389002569401,0.05586109974306042,410876
0.9407898316274664,0.05921016837253398,214628
0.9427507286047232,0.057249271395277385,347005
0.9472849714154847,0.05271502858451571,159473
0.9517884063817118,0.048211593618288744,405723
0.9483696584159582,0.05163034158404219,170137
0.9374859794061607,0.06251402059383954,240718
0.9222515621718738,0.07774843782812683,222191
0.9436753496713669,0.056324650328633596,358511
0.8809918130289802,0.11900818697102039,327644
0.8747898870404477,0.12521011295955276,397012
0.8620049178270947,0.13799508217290563,442249
0.9476842041507159,0.05231579584928478,161116
0.9179135843084225,0.08208641569157782,431646
0.9367986635275031,0.06320133647249725,131139
0.9363181812631768,0.06368181873682383,256838
0.9390034404299166,0.06099655957008377,375922
0.9563129427691842,0.04368705723081656,312511
0.8994065012541087,0.10059349874589152,365671
0.9550522965368219,0.04494770346317889,337772
0.9221320240781489,0.07786797592185131,299008
0.8824249219920723,0.11757507800792812,352505
0.9193096288117857,0.08069037118821441,183616
0.8936904328607603,0.10630956713924014,178894
0.9326949012820352,0.067305098717965,100049
0.928638429267192,0.07136157073280837,123427
0.9367889932925135,0.06321100670748687,409564
0.929013489467167,0.07098651053283352,284421
0.9511816343931327,0.04881836560686788,324833
0.9565857244575838,0.04341427554241697,224442
0.8620690121954204,0.13793098780457977,281225
0.9352878600042094,0.06471213999579088,171760
0.9364873886488742,0.06351261135112621,408566
0.9532954197998609,0.046704580200139754,243881
0.952756577834617,0.047243422165383436,190177
0.9492560821927986,0.0507439178072018,179198
0.9366584410386118,0.06334155896138854,414340
0.956786560331445,0.04321343966855559,172651
0.9472713796020363,0.05272862039796419,249799
0.9427759101322686,0.05722408986773162,183145
0.9394049623752584,0.060595037624742186,179380
0.9390027019818429,0.06099729801815765,316330
0.9344201785475265,0.06557982145247401,383470
0.9346143181642128,0.06538568183578775,286358
0.926471003124619,0.0735289968753815,123386
0.8966090064042394,0.10339099359576079,121275
0.9349020180816221,0.06509798191837841,327948
0.948516627032526,0.0514833729674744,448941
0.9494980615205968,0.050501938479403534,358469
0.9308753796984683,0.06912462030153192,304841
0.9569092667922527,0.04309073320774802,414014
0.9314851687548437,0.06851483124515675,424696
0.9551069863007003,0.04489301369930021,293922
0.9121745057575786,0.08782549424242145,152033
0.9280085555978076,0.07199144440219268,325508
0.9488257737122657,0.051174226287734735,383791
0.9416690514788466,0.05833094852115371,291196
0.9475937558155352,0.05240624418446524,268655
0.9426852286869886,0.05731477131301195,444463
0.9309631746338317,0.06903682536616888,297894
0.9541902831896085,0.04580971681039188,394819
0.9356032700340653,0.0643967299659351,396644
0.948986874928067,0.05101312507193354,222190
0.9440447200151975,0.05595527998480293,292617
0.8780991965929259,0.1219008034070745,204619
0.9473070292223601,0.05269297077764034,130167
0.9390676595262416,0.06093234047375866,202956
0.9460384388457779,0.053961561154222445,132036
0.9497360326047712,0.05026396739522911,395404
0.9056211749871675,0.0943788250128328,221690
0.9494163450854746,0.0505836549145259,275093
0.9333416013228713,0.0666583986771292,202280
0.9538842992618771,0.0461157007381234,362119
0.9300569065154558,0.06994309348454468,373316
0.9494349026531909,0.0505650973468096,141277
0.9555350590907059,0.04446494090929447,412530
0.9575628678667719,0.042437132133228646,190386
0.9272866100109541,0.07271338998904608,154322
0.94364126647264,0.05635873352736023,167718
0.9313660759220116,0.0686339240779889,208633
0.9460640709817154,0.05393592901828501,274131
0.9516290467406295,0.04837095325937093,208092
0.9374988795127038,0.06250112048729664,341162
0.9560202804130585,0.043979719586941954,357181
0.9573081338153311,0.04269186618466933,319060
0.9530645708140965,0.0469354291859041,418811
0.8842907641917492,0.11570923580825106,151129
0.9494059838750623,0.050594016124938086,235307
0.9461782066291388,0.05382179337086176,391869
0.9480433543942286,0.05195664560577178,284961
0.9551458566271944,0.044854143372806084,278936
0.9546453150755415,0.04535468492445885,260679
0.90192894451176,0.09807105548824024,427422
0.9304355214607856,0.06956447853921488,328455
0.9310939564915955,0.06890604350840474,341195
0.8605391959905999,0.13946080400940006,331131
0.9320601611370968,0.06793983886290358,352061
0.8423231427247324,0.1576768572752677,136980
0.8975673404160279,0.10243265958397246,291633
0.9311728850216657,0.06882711497833453,284476
0.94508082307243,0.05491917692757034,320948
0.9187843454035562,0.08121565459644416,394435
0.8994291810026287,0.10057081899737144,407708
0.9503144254925394,0.049685574507461056,368218
0.9548922035102779,0.04510779648972234,334194
0.9398717923815971,0.06012820761840341,272633
0.9315088812938005,0.0684911187061999,144840
0.9014711825553973,0.09852881744460303,201017
0.9526609295719656,0.047339070428034764,207391
0.956512601577658,0.043487398422342324,426809
0.9386422651250489,0.06135773487495158,444928
0.9310689946773413,0.06893100532265924,299992
0.9523140380092251,0.04768596199077556,307792
0.9374619716337551,0.06253802836624517,221820
0.9032050299407388,0.09679497005926165,360045
0.8681968141799041,0.13180318582009623,298157
0.9469595643717852,0.05304043562821534,347239
0.943199401287943,0.056800598712057226,310327
0.9343541494870441,0.06564585051295645,148740
0.9428574181972451,0.057142581802755193,408665
0.9462514440817636,0.05374855591823657,420111
0.9381344876603389,0.06186551233966154,295269
0.9011779801152929,0.0988220198847072,280037
0.9529417900126295,0.04705820998737102,427242
0.9448971176565618,0.05510288234343861,123030
0.9549174702958473,0.04508252970415341,138067
0.9394595514481364,0.06054044855186424,231842
0.9152205919045068,0.08477940809549357,186108
0.9467728793994599,0.05322712060054089,433850
0.955638748237145,0.04436125176285546,101544
0.9412321443512579,0.05876785564874236,258216
0.8960623628004847,0.10393763719951547,382448
0.9550200799001254,0.044979920099875004,250951
0.939440205554837,0.06055979444516362,174734
0.943217566319164,0.056782433680836505,102841
0.9372643348173721,0.06273566518262816,118295
0.8719850435549167,0.1280149564450838,297328
0.9430419312916258,0.056958068708374575,416161
0.9369162441725406,0.0630837558274599,106576
0.8816453475381799,0.11835465246182045,393976
0.9526997601193085,0.04730023988069191,344614
0.9424048087821262,0.05759519121787432,102585
0.9464052465541897,0.053594753445810876,154821
0.940612371923975,0.05938762807602547,358150
0.9470630044181172,0.05293699558188307,228760
0.9250428147580593,0.07495718524194105,360961
0.9524782346496781,0.04752176535032251,365073
0.9328134526983978,0.06718654730160253,211080
0.9553058237339627,0.04469417626603772,123229
0.9547128183462125,0.0452871816537879,360331
0.9388751955573814,0.06112480444261875,429439
0.9546623817121562,0.045337618287844245,107777
0.9543702571465142,0.04562974285348618,346430
0.9403457056464879,0.059654294353512445,360007
0.9420553755951481,0.05794462440485242,259213
0.8952033051380732,0.10479669486192714,248595
0.9580603297468692,0.04193967025313145,300323
0.9504336794785317,0.04956632052146898,131050
0.8856818482091657,0.1143181517908345,291150
0.9487152618112933,0.0512847381887072,133410
0.921304411388694,0.07869558861130667,416499
0.9299080141436381,0.07009198585636217,377647
0.9433884954874361,0.05661150451256418,188097
0.937978830166594,0.062021169833406775,233199
0.9576281814890888,0.04237181851091177,139287
0.9431912427644243,0.05680875723557611,104629
0.9172562087809236,0.0827437912190769,323553
0.8475646494942758,0.15243535050572432,283242
0.9538808981549914,0.046119101845009315,142699
0.9548754953028329,0.04512450469716744,259231
0.946908660609826,0.053091339390174436,257774
0.9580863211571559,0.041913678842844665,441790
0.9471663277837041,0.052833672216296396,442770
0.9410531087569369,0.05894689124306351,181413
0.9456666537593936,0.0543333462406069,451769
0.9447583259599085,0.05524167404009186,148898
0.9273022685181911,0.07269773148180927,201241
0.878508342330142,0.12149165766985848,327926
0.9339607259226583,0.06603927407734193,392728
0.9522213170854512,0.047778682914549134,185545
0.9523769508910381,0.0476230491089624,369819
0.9571543853974681,0.042845614602532424,222850
0.8009473955507748,0.19905260444922546,127477
0.9419174759123901,0.0580825240876103,309674
0.8967752845160609,0.10322471548393924,265828
0.9251818184987387,0.07481818150126206,231398
0.9461170736547518,0.053882926345248654,199619
0.9442020620861022,0.055797937913898144,100866
0.8888277132716418,0.11117228672835847,241559
0.853294265651029,0.14670573434897152,449943
0.9511049261052138,0.048895073894786624,430001
0.9278992728554692,0.07210072714453127,222131
0.954970261749861,0.04502973825013941,180260
0.9486803859242631,0.05131961407573742,262231
0.9537647251676183,0.04623527483238202,255872
0.9448235735382352,0.05517642646176548,271723
0.9330483081147389,0.0669516918852616,345156
0.9550569107146386,0.04494308928536186,132841
0.9554791076583998,0.0445208923416005,357781
0.9361765437829516,0.06382345621704873,163239
0.9479399106502736,0.05206008934972672,197020
0.9084034235801198,0.09159657641988052,422085
0.9062975001165983,0.09370249988340204,408848
0.9470228928152428,0.052977107184757795,188610
0.9129024718569201,0.08709752814308035,262447
0.9542630320851552,0.045736967914845376,149084
0.9415924046604921,0.058407595339508414,201277
0.9235997684607803,0.07640023153922008,142282
0.9505970582191644,0.04940294178083621,454748
0.9555916160251822,0.04440838397481825,154344
0.9426046914424492,0.05739530855755125,173582
0.950307314132549,0.04969268586745138,186262
0.9386197631812672,0.06138023681873316,365489
0.8813231326330944,0.11867686736690583,208245
0.9463088773434981,0.05369112265650235,422128
0.9438068297342569,0.05619317026574353,376935
0.9456622001671933,0.05433779983280701,205543
0.9566281760555068,0.0433718239444938,398544
0.9103454203776219,0.08965457962237851,387697
0.9349680286661162,0.06503197133388425,143907
0.9385631823576719,0.06143681764232845,269455
0.9485101796994342,0.05148982030056613,219358
0.9344025996000422,0.06559740039995827,454069
0.936523560188141,0.06347643981185923,436676
0.8517610876803436,0.14823891231965697,356316
0.9531205195549144,0.04687948044508621,399837
0.9576512664464712,0.04234873355352935,337757
0.9245448405074158,0.0754551594925847,429824
0.9568302104239256,0.0431697895760751,109089
0.9009036556143125,0.09909634438568782,157089
0.9328439321076878,0.06715606789231261,222859
0.9306873424273513,0.06931265757264904,142369
0.9225315692748522,0.07746843072514817,236294
0.940601883279505,0.05939811672049571,214802
0.9573724583187253,0.04262754168127528,165225
0.9281560576826762,0.07184394231732424,211002
0.9437557063320889,0.05624429366791154,428608
0.8895623718676318,0.11043762813236864,229054
0.9432213285455423,0.05677867145445834,268340
0.954713658725538,0.04528634127446269,299936
0.9196595871894538,0.08034041281054664,190082
0.953912658490307,0.0460873415096935,232706
0.9570258231059023,0.04297417689409816,110826
0.8987565048892923,0.10124349511070817,367796
0.9448738944982459,0.055126105501754744,286951
0.9392443496563097,0.06075565034369091,348222
0.8893863950611224,0.11061360493887784,224834
0.9510041663747174,0.048995833625282835,235266
0.9333728299862706,0.0666271700137298,200802
0.9493503960747948,0.05064960392520582,197015
0.9077202525535196,0.09227974744648063,155398
0.9288927543866851,0.07110724561331522,282524
0.9140498671220001,0.08595013287800024,222130
0.9099273115712283,0.09007268842877228,132603
0.9444490599412988,0.0555509400587017,103730
0.9481271807980467,0.051872819201953774,432896
0.9440149694310075,0.05598503056899287,318028
0.8903847838267593,0.10961521617324099,265943
0.9501625986645027,0.04983740133549805,111480
0.892195971567706,0.10780402843229421,307068
0.9454571815873486,0.05454281841265172,150003
0.9494980615205968,0.050501938479403534,100731
0.9330964544506773,0.066903545549323,402921
0.8659498654141679,0.13405013458583254,165995
0.9109977944568692,0.08900220554313117,422488
0.8736887809284961,0.12631121907150417,340498
0.9411357308331475,0.05886426916685289,237163
0.9296991003503049,0.0703008996496953,268867
0.9551923029724082,0.04480769702759223,132600
0.9202997776657925,0.07970022233420791,128406
0.9324656554264971,0.06753434457350353,402591
0.8985993089719425,0.10140069102805789,176027
0.9109072739297761,0.08909272607022406,197143
0.8985060623718926,0.10149393762810802,327500
0.9581498621581593,0.041850137841841197,220763
0.9445771257889597,0.05542287421104097,267156
0.9568582461282447,0.04314175387175579,423649
0.9263210660893704,0.0736789339106302,446019
0.9535782386832902,0.04642176131671029,236086
0.8812479563162303,0.11875204368377001,168337
0.9297279386735278,0.07027206132647257,183941
0.9521156905355324,0.04788430946446821,335429
0.9348378508426863,0.06516214915731423,433722
0.9467012204449549,0.05329877955504569,224689
0.9559222599644059,0.04407774003559456,161574
0.943203353921658,0.056796646078342346,270358
0.8741930684597534,0.12580693154024686,413050
0.9460947777693582,0.05390522223064232,303581
0.9506905426528491,0.04930945734715114,381233
0.9564809689740383,0.04351903102596255,198240
0.9327147405909108,0.06728525940908965,385206
0.9567925987866172,0.04320740121338357,379163
0.8826315269718132,0.11736847302818706,173541
0.9564534337941873,0.043546566205813174,365688
0.9359029613475736,0.06409703865242704,370497
0.9436135234125664,0.056386476587433974,370488
0.8988590741115783,0.10114092588842212,105668
0.956477090353473,0.04352290964652758,249319
0.9254006957572656,0.07459930424273488,236587
0.903939984640095,0.09606001535990512,351531
0.9404302514811489,0.059569748518851426,313332
0.9511129000275822,0.048887099972418385,311302
0.9370007448121465,0.06299925518785406,122013
0.8870094411348723,0.11299055886512804,322575
0.9543936672059169,0.045606332794083604,268138
0.9377720532383081,0.062227946761692125,294174
0.9522847417872198,0.04771525821278077,200497
0.9379551423469483,0.06204485765305216,199305
0.946993622885458,0.05300637711454241,405985
0.8909441556373856,0.10905584436261449,385504
0.9441850917576505,0.0558149082423499,349934
0.9474131062335447,0.052586893766455776,262651
0.9495933863920242,0.05040661360797622,211970
0.9584931796234222,0.04150682037657836,429589
0.9359015145133566,0.06409848548664372,144740
0.9397377709990654,0.060262229000935086,106196
0.9415468336378346,0.05845316636216584,186950
0.8850724280976336,0.11492757190236663,249136
0.8982481538254103,0.10175184617458982,286680
0.9359361788628828,0.06406382113711748,243403
0.9473086714811599,0.05269132851884065,326775
0.9141043229048879,0.0858956770951125,364558
0.9473994589575522,0.05260054104244844,220622
0.9305389380002154,0.06946106199978509,199250
0.9474509103881134,0.05254908961188691,230626
0.9322756650806567,0.06772433491934349,430334
0.9391991225964241,0.06080087740357627,329457
0.9473518874625934,0.05264811253740704,287341
0.9290624206892989,0.07093757931070163,151032
0.945266215786818,0.05473378421318262,338415
0.8463897203848534,0.1536102796151471,269035
0.9563056643081171,0.04369433569188349,448898
0.8886700216215209,0.11132997837847959,332217
0.9385942340046144,0.0614057659953859,152514
0.9489239974865247,0.05107600251347567,199515
0.8869260926267255,0.11307390737327477,115472
0.9078893604203124,0.092110639579688,359583
0.9153388367861511,0.08466116321384916,166259
0.9573307774163247,0.042669222583675996,316363
0.9112942585678363,0.08870574143216421,165210
0.9449626291495231,0.05503737085047732,207619
0.9270477493747105,0.07295225062529002,333684
0.9528646156494961,0.04713538435050448,214922
0.8920660796387994,0.1079339203612011,152516
0.944687545741911,0.05531245425808917,191178
0.9486980729053248,0.051301927094675556,220517
0.9482238394694279,0.05177616053057255,311100
0.9489239775397347,0.051076022460265935,421411
0.9349540294577438,0.06504597054225668,454058
0.9523827708136685,0.04761722918633229,118234
0.9451119433064018,0.05488805669359873,180582
0.9567438545526409,0.04325614544735979,427938
0.9317507641052276,0.06824923589477273,132782
0.9396225896847389,0.06037741031526168,451927
0.9492671976907997,0.05073280230920094,278754
0.9499582401622279,0.05004175983777262,436594
0.9499635636631539,0.05003643633684644,401945
0.9225691573622329,0.07743084263776767,418946
0.9517729908606464,0.04822700913935412,295260
0.952351460563828,0.047648539436172345,136401
0.9334590328752141,0.06654096712478634,293912
0.9409839378524073,0.05901606214759306,315983
0.9491385624214237,0.050861437578576744,429176
0.9424340297742549,0.057565970225745805,228185
0.9238148478904245,0.07618515210957587,268367
0.8549088725881125,0.14509112741188776,204089
0.9138346321483785,0.08616536785162182,142226
0.9454516187631203,0.054548381236880134,247261
0.9542279053135271,0.04577209468647344,266642
0.9334217884840017,0.06657821151599862,102889
0.9399657620134033,0.06003423798659733,305841
0.8929739932240011,0.10702600677599924,195549
0.8784216469830243,0.12157835301697592,226754
0.9473383579422514,0.05266164205774914,303316
0.875671591050088,0.12432840894991237,188550
0.8806007514670438,0.11939924853295672,363583
0.9453826823974257,0.05461731760257461,220493
0.9250423893486593,0.074957610651341,178931
0.8902521466051826,0.10974785339481771,294900
0.9521697991380758,0.04783020086192473,261194
0.9287021091055391,0.0712978908944613,331440
0.9521957493967235,0.04780425060327724,347560
0.9502385854789024,0.049761414521098016,203240
0.9434553437581827,0.056544656241817516,435710
0.9565213999541896,0.043478600045811014,420037
0.8985666266177771,0.10143337338222352,275124
0.9540410743961099,0.045958925603890685,304663
0.9267712118467192,0.07322878815328121,336733
0.9447949258196131,0.05520507418038758,107912
0.9534305898539016,0.04656941014609888,348298
0.9489979651454773,0.051002034854523044,452013
0.9336253048529719,0.0663746951470286,427864
0.9577396965495801,0.042260303450420575,372343
0.9481271807980467,0.051872819201953774,292616
0.9442951602987455,0.05570483970125519,453610
0.9577959781735709,0.04220402182642981,139644
0.9250450049918109,0.0749549950081895,341658
0.9546139150303194,0.045386084969681224,371092
0.9529824787872642,0.04701752121273653,100043
0.931684968010215,0.06831503198978559,320383
0.9524476927998746,0.04755230720012598,418108
0.953679773838718,0.046320226161282445,141893
0.9585050023509755,0.04149499764902515,267852
0.9556967427629615,0.04430325723703908,122540
0.9528646156494961,0.04713538435050448,396937
0.9490066417105291,0.05099335828947123,448986
0.9388543490353632,0.06114565096463743,107383
0.9027467429924795,0.0972532570075208,388305
0.9518083391561625,0.04819166084383787,448503
0.8965873991164486,0.10341260088355167,325932
0.9206500899495338,0.0793499100504667,228648
0.9532941284832742,0.04670587151672616,149914
0.9545382937367554,0.045461706263245284,138523
0.9519831951659523,0.04801680483404813,289115
0.9588588863355639,0.04114111366443656,143254
0.9530471103136076,0.04695288968639299,194510
0.9086559644725938,0.0913440355274066,158915
0.9214354388772668,0.07856456112273383,272892
0.956160079033655,0.04383992096634577,250155
0.9084863822690816,0.09151361773091876,238978
0.9301495038545411,0.06985049614545945,190444
0.958550075865828,0.041449924134172485,388792
0.9436328439401954,0.0563671560598052,244776
0.9128235703440827,0.08717642965591782,255713
0.9432535287869791,0.05674647121302126,271241
0.8895691015878261,0.11043089841217422,400604
0.950118014060545,0.04988198593945556,337895
0.8822609588897201,0.1177390411102802,345375
0.9316463285531853,0.06835367144681509,119545
0.9492848516018659,0.050715148398134256,321961
0.9567606411422181,0.04323935885778228,439637
0.9067158168489905,0.09328418315100992,413100
0.9364889732174483,0.06351102678255201,158819
0.942653543291495,0.057346456708505196,334740
0.9497317951619655,0.050268204838034986,247449
0.9245700478214561,0.07542995217854442,312264
0.9478859191093427,0.05211408089065789,381489
0.9505381487178189,0.04946185128218164,346818
0.9396312076328321,0.06036879236716816,120490
0.9459500593558858,0.054049940644114496,286914
0.9189321545385978,0.08106784546140236,328942
0.8679811972004932,0.1320188027995072,140612
0.9161762894960088,0.08382371050399147,118688
0.910029067160407,0.08997093283959337,215582
0.9347090457811698,0.06529095421883058,297691
0.9494603140641685,0.050539685935831795,147894
0.9577775106874199,0.04222248931258059,202642
0.9414210838347067,0.058578916165293704,168529
0.9497030032418557,0.050296996758144974,323955
0.9303212159345482,0.06967878406545233,344954
0.9370991776663611,0.06290082233363953,220271
0.9560915825917056,0.04390841740829501,199422
0.9487234708619252,0.05127652913807524,440953
0.9496816929082814,0.050318307091718945,412821
0.8576456612710288,0.14235433872897157,128290
0.9444634724362038,0.0555365275637964,278742
0.9556465706796696,0.04435342932033096,402333
0.9506265752225509,0.04937342477744984,403435
0.8764106548554303,0.12358934514457015,386194
0.9519182128110889,0.048081787188911616,426527
0.9423039932298508,0.057696006770149647,139707
0.9325291733994097,0.0674708266005907,293957
0.9446367285122602,0.05536327148774016,420902
0.949935693236254,0.05006430676374626,221455
0.8978894846924779,0.10211051530752253,154535
0.9493868908281684,0.05061310917183184,127410
0.9297594307872911,0.07024056921270952,208118
0.9578496012415387,0.04215039875846175,434464
0.9512489970685177,0.048751002931482955,352426
0.9146896840660577,0.08531031593394259,200607
0.8812324882812926,0.11876751171870771,161799
0.9508883701939509,0.04911162980604958,301453
0.9327050503909625,0.06729494960903792,346977
0.9311007806235461,0.06889921937645455,136609
0.9485534374744752,0.05144656252552521,336919
0.9360410964864433,0.06395890351355725,328214
0.9411134686240805,0.058886531375920044,178516
0.9457354703221749,0.054264529677825565,395830
0.9566400116558341,0.04335998834416656,441090
0.9520498662679762,0.04795013373202424,370486
0.9444120740865345,0.05558792591346592,399021
0.8894740454459736,0.11052595455402696,433438
0.9388742461743605,0.06112575382563992,369664
0.9465047327325129,0.05349526726748765,403044
0.9443320721322277,0.05566792786777275,355116
0.9332607915644373,0.06673920843556334,364517
0.9453431914851117,0.05465680851488888,311799
0.8834943040311333,0.11650569596886698,213977
0.9481271807980467,0.051872819201953774,257275
0.9498113963333279,0.050188603666672445,350942
0.9353575126114991,0.06464248738850113,108078
0.9519986178979033,0.04800138210209725,219989
0.935633461093023,0.06436653890697738,380378
0.9562444273726923,0.04375557262730809,446480
0.9497478553323243,0.050252144667675906,417242
0.9239133260736577,0.07608667392634282,320804
0.9299094260833014,0.07009057391669915,327621
0.9415503842392312,0.058449615760769416,187635
0.9559007047209234,0.0440992952790772,154691
0.9412368198732186,0.05876318012678187,452614
0.9431667893873142,0.056833210612686307,329342
0.9224750999183015,0.07752490008169902,193846
0.9521299540962092,0.04787004590379143,255979
0.9317941142462419,0.06820588575375842,399258
0.9464965524091912,0.0535034475908092,273223
0.9537628905744582,0.046237109425542204,131800
0.8400219527819313,0.15997804721806896,123050
0.9573598551225799,0.04264014487742072,204718
0.8861418270211839,0.1138581729788163,271838
0.9519649569991685,0.048035043000832056,193011
0.9448447872379466,0.0551552127620538,326109
0.9135529939959244,0.08644700600407595,104147
0.9446176249838686,0.05538237501613184,404858
0.9538412797928919,0.04615872020710883,362415
0.9505961034698701,0.04940389653013047,340231
0.9481910194304227,0.051808980569577855,375718
0.9476947776459873,0.052305222354013164,419861
0.9353094951154047,0.06469050488459561,344098
0.9571815856422358,0.04281841435776482,164677
0.9471071424680828,0.052892857531917616,267739
0.9290945929701718,0.07090540702982875,330195
0.9485160684968943,0.05148393150310624,170931
0.9565528476395073,0.043447152360493284,317918
0.9462345245814663,0.05376547541853397,352712
0.94946878516623,0.05053121483377052,407311
0.9248594279406808,0.07514057205931964,365135
0.899332012032285,0.1006679879677155,195099
0.9500161504417506,0.049983849558250054,309001
0.9480930719656169,0.051906928034383785,137116
0.9496356299083142,0.05036437009168646,184413
0.9312962662231646,0.06870373377683586,241044
0.907716034991778,0.09228396500822252,444675
0.919716368589974,0.08028363141002616,409362
0.9474394760472608,0.05256052395273961,249733
0.940453042675619,0.05954695732438137,302720
0.9336304593943373,0.06636954060566298,180511
0.9473977899038046,0.05260221009619588,271511
0.9462055743762192,0.05379442562378092,282868
0.9330078492688024,0.06699215073119809,447894
0.9458445744330587,0.05415542556694183,428681
0.8149885489097056,0.1850114510902946,272483
0.9371758564520694,0.06282414354793095,243025
0.9004847155830445,0.09951528441695555,259777
0.9557693784136758,0.04423062158632488,293380
0.9408535141360403,0.05914648586396003,396465
0.8739772177824179,0.12602278221758215,205558
0.9544359771490434,0.04556402285095697,391597
0.9573307774163247,0.042669222583675996,418092
0.9161636596635357,0.08383634033646478,382984
0.8814648373271207,0.11853516267287963,251880
0.9375978661395766,0.062402133860423904,405573
0.9387366796535512,0.061263320346449025,357462
0.9519277783743608,0.048072221625639636,154056
0.9526650087420208,0.04733499125797975,172338
0.9485138577505146,0.051486142249485806,274317
0.9313904185031925,0.06860958149680836,126318
0.9557370120482284,0.044262987951772324,455935
0.9470649113536004,0.05293508864640004,338100
0.9400344096110982,0.059965590388902125,382663
0.95480823797274,0.045191762027260565,399316
0.8911201813482091,0.1088798186517913,128993
0.9503331146661315,0.04966688533386905,370966
0.9463424484919796,0.05365755150802082,105963
0.9505835828764292,0.04941641712357139,102804
0.9073532012609339,0.09264679873906631,186109
0.9380627457771449,0.061937254222855724,410203
0.9342434928463187,0.06575650715368156,309467
0.9446412907350208,0.05535870926497966,267246
0.9515498492106651,0.048450150789335344,218028
0.9438209584023337,0.056179041597666714,144285
0.9545264733577273,0.04547352664227309,168170
0.9521050616719461,0.047894938328054436,128748
0.9244556531927957,0.07554434680720468,275158
0.9486120070955613,0.05138799290443915,424948
0.9464296177267063,0.053570382273294,270160
0.8731540633174231,0.12684593668257757,375127
0.9517903941968391,0.048209605803161665,384039
0.9385684813577995,0.0614315186422011,421502
0.9407252870205296,0.059274712979470685,363573
0.9432268424589116,0.05677315754108883,217345
0.9440563901747435,0.05594360982525701,141582
0.9585382531382747,0.041461746861725685,375274
0.9489809579299535,0.051019042070046774,356511
0.9528364566401543,0.04716354335984651,154805
0.9521856520284819,0.04781434797151843,312799
0.9513459462048378,0.04865405379516293,184673
0.9197473264,0.08025267360000032,177932
0.916389231549473,0.08361076845052716,233366
0.9431031660328099,0.056896833967190696,203894
0.9472583126601661,0.05274168733983421,158382
0.9361294846182031,0.06387051538179733,238859
0.8332869147736254,0.16671308522637487,266169
0.9429473644761104,0.057052635523890054,181153
0.9527135036173349,0.04728649638266574,429142
0.894393892358842,0.10560610764115816,141102
0.9357161736706945,0.06428382632930602,424040
0.9457498560748269,0.054250143925173654,369343
0.9278670540770274,0.07213294592297312,453388
0.9333151891362468,0.06668481086375365,201611
0.9373935645618464,0.06260643543815389,136764
0.9484027715029612,0.051597228497039314,140714
0.9412574217839412,0.05874257821605914,426357
0.7873509530881566,0.21264904691184353,218548
0.8871748665757134,0.11282513342428661,170755
0.9490547985421682,0.05094520145783217,442704
0.9441568988498971,0.05584310115010321,360040
0.9480222447171716,0.051977755282828754,327651
0.9155005593605852,0.08449944063941511,340263
0.9296301592612568,0.07036984073874368,432214
0.9581498621581593,0.041850137841841197,126626
0.9522925761528992,0.047707423847101166,296798
0.939140376541732,0.060859623458268446,371038
0.9490871938031177,0.05091280619688285,200364
0.9348993202916362,0.06510067970836417,365182
0.9473811982937501,0.05261880170625024,321216
0.9225427857167056,0.07745721428329483,396804
0.9471587085096697,0.05284129149033073,110725
0.9515472478944933,0.04845275210550737,438146
0.9539528016720906,0.04604719832790999,288572
0.9470211275113029,0.052978872488697426,313773
0.9556477417911471,0.04435225820885333,294541
0.9313072009276899,0.06869279907231061,396461
0.9469340351951324,0.05306596480486807,390005
0.9463146075395212,0.05368539246047908,342093
0.9503323609268057,0.049667639073194735,402134
0.9469286489841793,0.05307135101582129,142914
0.9461625940124166,0.05383740598758379,183364
0.9291032079382294,0.07089679206177096,258330
0.9464891495141164,0.0535108504858843,324755
0.9545897733799406,0.04541022662005991,205706
0.9562987451436841,0.04370125485631651,311348
0.9565472154173277,0.04345278458267298,107163
0.9368670438362061,0.0631329561637945,335768
0.9528468062535077,0.04715319374649278,314599
0.9532687621616626,0.046731237838337936,283987
0.9530448119398801,0.046955188060120404,106982
0.9429023345540899,0.05709766544591046,346645
0.9559276267396857,0.04407237326031471,229013
0.9475001746415724,0.05249982535842824,422591
0.8775732560467508,0.12242674395324954,374859
0.9550475862583601,0.04495241374164044,183747
0.9547725312833475,0.04522746871665304,216482
0.9462699317245934,0.05373006827540723,359742
0.9438223985607419,0.056177601439258484,100497
0.9450639178388148,0.054936082161185354,438062
0.9506040477807409,0.04939595221925958,168750
0.8942406912702375,0.10575930872976286,236213
0.9220668040124678,0.07793319598753269,302682
0.9489366142664067,0.051063385733593786,136077
0.9140917913819674,0.085908208618033,267979
0.9212917251791685,0.07870827482083219,243201
0.9355946275065276,0.06440537249347308,204901
0.9573083447064914,0.042691655293509004,333317
0.9224523367486078,0.07754766325139253,423518
0.9452929101457389,0.05470708985426161,143544
0.9581498621581593,0.041850137841841197,406590
0.9563674175846275,0.04363258241537312,168176
0.949654111178161,0.05034588882183971,273063
0.8879237906432258,0.11207620935677469,306766
0.9508086425065385,0.04919135749346211,339098
0.9486437799070664,0.051356220092934,133215
0.9436361498989874,0.056363850101013135,354780
0.9484677364017093,0.05153226359829095,177699
0.9319636467012293,0.06803635329877124,373165
0.8892949709211088,0.11070502907889157,105183
0.9572542729918823,0.042745727008118434,205007
0.8938826110513612,0.10611738894863883,219958
0.9044087838933883,0.09559121610661193,101218
0.8929533719004793,0.10704662809952113,238368
0.9494695032280747,0.05053049677192572,232553
0.9430384791365757,0.05696152086342504,326524
0.9462973490128997,0.05370265098710071,220264
0.9520375059549612,0.0479624940450391,174629
0.8901620371250273,0.10983796287497313,125907
0.9490778163272438,0.05092218367275667,279863
0.9496286234234013,0.050371376576599236,393424
0.92062311212754,0.0793768878724607,233864
0.9397561436887051,0.06024385631129538,134577
0.9495840703015724,0.05041592969842812,221542
0.8969285536248398,0.1030714463751605,183411
0.9378636007335471,0.06213639926645304,157883
0.9452013488207126,0.05479865117928782,112114
0.9440161445736872,0.055983855426313366,419054
0.8957593722029185,0.10424062779708176,267555
0.9388189363716017,0.06118106362839864,362494
0.9039844291906606,0.09601557080933971,272957
0.9402241008912994,0.05977589910870114,115416
0.9550716635565696,0.04492833644343098,164022
0.9356185938688124,0.06438140613118788,227472
0.923278270116578,0.07672172988342245,129530
0.9471788665718753,0.05282113342812515,314383
0.9537628905744582,0.046237109425542204,435688
0.9468916118891803,0.053108388110820234,421679
0.945351417348365,0.054648582651635455,129568
0.9402439488853165,0.05975605111468387,195927
0.9534478796926669,0.046552120307333474,305114
0.9550971832881244,0.04490281671187617,192597
0.9573083447064914,0.042691655293509004,203998
0.9345225912941403,0.06547740870586,157835
0.9225807762496703,0.07741922375033028,312423
0.897160896237848,0.10283910376215222,116150
0.9379732639724802,0.06202673602752033,250367
0.9224646591318134,0.0775353408681869,373486
0.9496482193369199,0.050351780663080534,232894
0.9563986045659355,0.04360139543406534,258036
0.9463687943366424,0.05363120566335799,357731
0.9510567269227885,0.048943273077211774,171380
0.910991552476634,0.08900844752336598,193193
0.9454876818685324,0.054512318131467896,410576
0.9140392274950525,0.08596077250494788,420893
0.9357461291893179,0.06425387081068254,106062
0.8981891309030986,0.1018108690969019,321409
0.9475201356005435,0.05247986439945676,300112
0.9464844432579548,0.053515556742045806,127962
0.9526475869828097,0.047352413017190724,141926
0.9289615697173045,0.07103843028269598,436581
0.9405071453877534,0.05949285461224714,142519
0.955042466528498,0.044957533471502345,257974
0.9453012587937125,0.05469874120628784,320606
0.9417912047744913,0.05820879522550914,350548
0.9073872752043438,0.09261272479565667,439178
0.893360355772958,0.10663964422704243,283182
0.9553800220795836,0.04461997792041716,122682
0.9520459122129826,0.047954087787018145,452360
0.9397020092989906,0.06029799070100997,261620
0.9572441417133263,0.042755858286674185,440122
0.9487747574814998,0.05122524251850055,205230
0.9564520464327972,0.04354795356720306,316167
0.9418559359708218,0.05814406402917856,167817
0.9415952154801307,0.05840478451986972,247895
0.932355088680266,0.06764491131973446,213992
0.946730869686469,0.0532691303135317,406377
0.9566367478286177,0.04336325217138274,439837
0.953337471391644,0.046662528608356554,376857
0.930490377234933,0.06950962276506768,117243
0.9488728536724983,0.05112714632750204,212025
0.9100954303303378,0.08990456966966238,316671
0.937922334825117,0.062077665174883265,299408
0.9362541147762374,0.06374588522376291,245517
0.746187144637807,0.253812855362193,356131
0.9416468840786467,0.05835311592135372,252556
0.9476076575857489,0.05239234241425171,284904
0.9329186143714782,0.06708138562852241,318716
0.8693760727442911,0.1306239272557092,223599
0.9517858106221184,0.04821418937788181,285432
0.9516481387309064,0.04835186126909437,126514
0.9287182404678817,0.07128175953211875,437424
0.9465234046613081,0.053476595338692194,359053
0.9251106074130121,0.07488939258698842,265629
0.946075446263722,0.05392455373627869,178564
0.9448552173663001,0.05514478263370028,336100
0.9500884180910174,0.04991158190898318,137685
0.9518685088884828,0.04813149111151751,135118
0.8924565566533004,0.10754344334670013,148062
0.947574883311443,0.05242511668855737,240960
0.9528596583872351,0.04714034161276531,145322
0.9515642483323209,0.048435751667679744,252751
0.9396378360779309,0.060362163922069466,266935
0.9518307718659957,0.048169228134004864,454187
0.943469311430344,0.05653068856965675,332849
0.937176720226078,0.06282327977392221,114988
0.9439335572947656,0.05606644270523483,294947
0.934637925830398,0.06536207416960256,312376
0.9426471376720831,0.05735286232791736,261925
0.9349853150119223,0.06501468498807793,222937
0.9538648564954945,0.04613514350450607,230211
0.9532738355800829,0.04672616441991745,396326
0.9438263273898039,0.05617367261019675,439329
0.9450763719026356,0.0549236280973649,141829
0.906316056050855,0.09368394394914542,206060
0.9342953878426862,0.06570461215731442,323592
0.9109426825539292,0.08905731744607127,266639
0.931748570909658,0.06825142909034258,436381
0.9311821485153837,0.06881785148461671,392418
0.9538989508280474,0.04610104917195324,168857
0.8790782655532715,0.12092173444672895,170923
0.9425118110578616,0.0574881889421388,382781
0.9077636860945433,0.0922363139054572,357152
0.9481584163746439,0.05184158362535652,210847
0.9457582810864377,0.054241718913562754,139311
0.950977384387598,0.04902261561240233,449325
0.8852318298227817,0.11476817017721849,312012
0.9431529341172006,0.056847065882799724,134465
0.8991418828499033,0.10085811715009721,452168
0.9464441803757149,0.05355581962428566,438951
0.8570951444813184,0.14290485551868182,448270
0.9384488872931445,0.0615511127068559,317588
0.9430682095350731,0.05693179046492738,309492
0.8992701902785026,0.10072980972149743,354647
0.9345928288141648,0.06540717118583536,327824
0.9482317219093659,0.05176827809063464,433163
0.8778333299840989,0.12216667001590141,262224
0.9237583213898466,0.07624167861015393,238384
0.9452977776843449,0.05470222231565569,244762
0.9486391601198383,0.051360839880162004,391694
0.8476373751003687,0.15236262489963165,419761
0.8578915965155514,0.14210840348444898,331198
0.9382361490121608,0.06176385098783964,363043
0.9537406347625536,0.0462593652374468,310222
0.934296196288177,0.0657038037118235,379310
0.952108706469005,0.047891293530995444,384584
0.9423349968657422,0.05766500313425827,276406
0.9078337669151634,0.09216623308483697,201186
0.8690260006094813,0.130973999390519,396194
0.9527774548305534,0.047222545169446996,146363
0.956521361779901,0.043478638220099494,138231
0.9341122901888522,0.06588770981114825,424135
0.9524634875593148,0.047536512440685706,429886
0.9374496140953262,0.06255038590467399,134320
0.9555664388548459,0.044433561145154836,142302
0.954468549553348,0.04553145044665244,333282
0.8253539209968337,0.17464607900316667,318582
0.9309186819659991,0.06908131803400128,298549
0.9362469291360961,0.06375307086390439,384538
0.9535676862952769,0.04643231370472362,340583
0.9530663275187142,0.046933672481286354,223724
0.9525004020635492,0.047499597936451414,192049
0.9484071359225529,0.05159286407744768,335498
0.9246964965570448,0.07530350344295572,217208
0.9534411501812989,0.04655884981870151,402485
0.9235462550314272,0.07645374496857336,240638
0.9438433506225903,0.05615664937740993,372249
0.9147679774996301,0.08523202250037012,246775
0.9477365892142607,0.05226341078573951,396487
0.9418492367096502,0.0581507632903502,429643
0.921162239149821,0.07883776085017948,211540
0.948734165344879,0.051265834655121294,211228
0.94584386698275,0.05415613301725041,418239
0.9520508833232487,0.047949116676751904,298925
0.9460375751826007,0.05396242481739993,198074
0.9477083613575857,0.05229163864241459,325089
0.9580933052236831,0.04190669477631743,416819
0.9454075471034167,0.05459245289658377,146799
0.9263860295037639,0.0736139704962366,151107
0.9218290880120128,0.07817091198798772,287667
0.8861308411230805,0.11386915887691992,223387
0.9111650324815949,0.08883496751840546,173342
0.9480409400199292,0.05195905998007131,305577
0.9471481464864597,0.05285185351354049,201149
0.9539024746068516,0.04609752539314867,394553
0.9420698582152741,0.05793014178472628,428484
0.9366842373233356,0.0633157626766648,451809
0.9331643692686475,0.06683563073135286,266636
0.941238439026581,0.05876156097341953,303015
0.8872289651630954,0.11277103483690498,198162
0.93266049754191,0.06733950245809042,158610
0.9249797535089698,0.07502024649103058,217740
0.9424512969920177,0.05754870300798271,268180
0.8935144538600812,0.10648554613991891,192933
0.9107597934649105,0.08924020653508986,279310
0.9565808208944635,0.043419179105537144,142059
0.9319008294838502,0.06809917051615023,104560
0.9563341419392601,0.04366585806074039,272225
0.9537851659188196,0.04621483408118079,357492
0.9483576401351024,0.051642359864897985,376363
0.9449514144153989,0.05504858558460144,239923
0.9301061879970467,0.06989381200295379,136120
0.9467449215511372,0.053255078448863395,330832
0.9305123511528067,0.0694876488471935,136447
0.9406963024344687,0.05930369756553199,199605
0.9399117991192871,0.060088200880713344,270477
0.9339285019678983,0.06607149803210213,177704
0.9399057178140889,0.060094282185911375,354737
0.9428112580413347,0.057188741958665655,216889
0.901737734007922,0.09826226599207805,403270
0.9266093354128696,0.07339066458713103,239790
0.9480139672027419,0.05198603279725865,284646
0.926197831121156,0.0738021688788443,140594
0.9473608175346842,0.05263918246531616,379344
0.8626672430040523,0.13733275699594816,296689
0.9523366146958674,0.047663385304133124,339009
0.9081313196559089,0.09186868034409174,254200
0.8991017609943451,0.10089823900565521,238424
0.9284949037565611,0.07150509624343934,183281
0.9309513277248724,0.06904867227512791,402995
0.9311241833064686,0.06887581669353172,256043
0.8963711322811784,0.1036288677188221,303536
0.9498908893146297,0.05010911068537087,432184
0.9495347489541409,0.050465251045859486,228035
0.9408143557236807,0.05918564427631968,217615
0.9475107776145352,0.05248922238546513,275679
0.9497910296164903,0.0502089703835099,431302
0.9339177616540723,0.06608223834592847,195232
0.9468678335679444,0.053132166432056135,252075
0.9499538631505974,0.0500461368494032,449778
0.8881167058907452,0.11188329410925484,400874
0.895650755732033,0.10434924426796723,329366
0.9441227088129132,0.05587729118708718,244120
0.9477713799688648,0.052228620031135736,335180
0.9533442957455194,0.04665570425448097,150206
0.9268240857259673,0.07317591427403329,235040
0.9434995168110726,0.05650048318892782,254573
0.9452153723419638,0.05478462765803659,283617
0.9423532301573785,0.057646769842621896,105914
0.9225736253335833,0.0774263746664169,416746
0.9472528784667422,0.0527471215332582,243368
0.9499630713182659,0.05003692868173454,113843
0.9357868481669732,0.0642131518330273,305787
0.940098194630561,0.05990180536943953,148317
0.884850422297934,0.11514957770206621,370228
0.9156713115529237,0.08432868844707661,255030
0.9429603188351495,0.05703968116485106,341500
0.8819083065372141,0.11809169346278629,320231
0.9412420076188455,0.058757992381154873,442327
0.9427081230825293,0.05729187691747124,282891
0.9476813023201618,0.052318697679838835,183843
0.9571823125364917,0.04281768746350887,302427
0.9488293507940871,0.05117064920591334,152384
0.891276948155287,0.10872305184471336,310180
0.8943514696454139,0.10564853035458639,251726
0.9460408613955729,0.05395913860442761,405391
0.9501068180086577,0.04989318199134284,322114
0.926432624766144,0.0735673752338566,286857
0.944482768449242,0.055517231550758536,262568
0.9446103759298421,0.05538962407015818,390051
0.92690069801686,0.07309930198314021,397065
0.9471465706441571,0.052853429355843674,114401
0.9512632540835747,0.04873674591642576,404832
0.9477321295501934,0.05226787044980722,430911
0.9561376463238217,0.04386235367617877,116561
0.9105340537549119,0.08946594624508845,334197
0.953689516889079,0.04631048311092163,323065
0.9227736068437467,0.07722639315625383,356415
0.8997521699048174,0.10024783009518287,297031
0.9548487136158462,0.045151286384154436,196441
0.9547617104099072,0.04523828959009316,155580
0.9352945288849726,0.06470547111502789,250305
0.9412697536166079,0.05873024638339246,344755
0.8805215509887355,0.11947844901126489,128936
0.9443403979160727,0.05565960208392775,423955
0.9553875138552468,0.044612486144753875,360534
0.9390997698089698,0.06090023019103058,401728
0.9304492508802928,0.06955074911970767,311014
0.8830609427268596,0.11693905727314048,105653
0.9259612101978055,0.07403878980219498,223910
0.9143050220304021,0.08569497796959843,277569
0.9192083500786665,0.08079164992133374,204127
0.9116153097252483,0.08838469027475218,403617
0.9488295663889333,0.051170433611067205,324375
0.9512734703570241,0.048726529642976225,132111
0.9388488686447534,0.06115113135524724,420175
0.9568185985875327,0.04318140141246798,347383
0.9295434055123087,0.07045659448769175,141662
0.9319270332647737,0.06807296673522667,213302
0.8904817312372622,0.1095182687627379,263959
0.8582135393177291,0.14178646068227102,380201
0.9314363460939629,0.06856365390603746,365416
0.9417134419127532,0.0582865580872472,315268
0.9064799104065324,0.09352008959346791,289935
0.9553213861396499,0.044678613860350956,185869
0.9454388394834348,0.054561160516565545,386408
0.9462387174668274,0.05376128253317318,106327
0.9349019828333179,0.06509801716668234,359477
0.8981265571597195,0.1018734428402809,244007
0.9389983145649587,0.06100168543504176,382301
0.9530796191211058,0.0469203808788947,269770
0.9375989247288947,0.06240107527110558,337317
0.9107102614110003,0.08928973858899988,418867
0.9402659876142987,0.05973401238570176,254119
0.9432953831287092,0.05670461687129153,245970
0.9128514894704377,0.0871485105295628,157115
0.8706775391792412,0.1293224608207592,114628
0.9504173088686576,0.049582691131343,373623
0.9484813136030116,0.05151868639698916,173570
0.9520424605169069,0.04795753948309368,124055
0.9577515192771332,0.042248480722867375,430638
0.9289921481644723,0.07100785183552798,382648
0.9011730509623552,0.09882694903764498,379685
0.9473120454897093,0.0526879545102912,308037
0.9474286326915374,0.05257136730846325,159249
0.9565554545728518,0.043444545427148935,301750
0.9412334240732041,0.05876657592679664,182913
0.9548255555101413,0.045174444489859106,347122
0.9556762973183898,0.04432370268161076,168834
0.9554830838407543,0.04451691615924627,421897
0.9446330885853689,0.05536691141463157,398186
0.9430388658624715,0.05696113413752888,262619
0.950576699695158,0.04942330030484242,161570
0.9458758343611313,0.05412416563886899,349112
0.9505461321558603,0.04945386784414032,359087
0.9396714143660738,0.060328585633926936,117933
0.9471896091993472,0.052810390800652945,210251
0.9486255129715672,0.05137448702843319,284214
0.9472898232302395,0.05271017676976112,270006
0.9337974922644507,0.06620250773555002,176886
0.9512229251659398,0.04877707483406074,300504
0.9321894243025391,0.06781057569746102,127203
0.9459938047614475,0.054006195238553205,329978
0.9304655545853475,0.06953444541465294,259680
0.9104938105704247,0.08950618942957578,370062
0.8512836898803247,0.14871631011967554,121694
0.9578310219111558,0.04216897808884489,174916
0.9485883653833709,0.05141163461662957,444273
0.9274040512232333,0.07259594877676694,124929
0.9411445218007004,0.05885547819930002,179821
0.9476429229080908,0.052357077091909426,129278
0.9269206025721934,0.07307939742780722,378568
0.9297832675942567,0.07021673240574379,179544
0.900213534328262,0.09978646567173823,202624
0.9534303219273998,0.04656967807260059,402913
0.932309999143109,0.06769000085689138,300138
0.934069619342954,0.0659303806570463,356429
0.88260263820337,0.11739736179663046,416564
0.9343224294929665,0.06567757050703382,122423
0.9486986634559632,0.05130133654403734,429803
0.9329022073574592,0.06709779264254112,186191
0.9555400062659107,0.044459993734089556,416115
0.9563006402025868,0.04369935979741361,239091
0.9329142675988257,0.06708573240117467,238745
0.936318161789673,0.06368183821032729,141091
0.9108537142295073,0.08914628577049313,219742
0.9449658216478164,0.05503417835218387,142602
0.9066445463084475,0.09335545369155282,182727
0.9406317919093508,0.05936820809064963,290823
0.9560103122445573,0.04398968775544314,351624
0.9551422443865145,0.04485775561348633,127710
0.9414758544446161,0.058524145555384426,348787
0.938657327892889,0.06134267210711165,308314
0.8660207531599536,0.1339792468400467,428640
0.9448837229474795,0.05511627705252106,243944
0.95706448774993,0.042935512250070654,190644
0.9011703029192837,0.09882969708071648,454456
0.94757397666142,0.05242602333858051,244580
0.9446812622406968,0.05531873775930359,184493
0.9469926726330157,0.05300732736698479,216572
0.8787401255771795,0.12125987442282087,139650
0.9574017375412208,0.04259826245877965,414649
0.9534699967314022,0.046530003268598324,365851
0.9520481993753361,0.04795180062466435,288354
0.9496651911615299,0.050334808838470614,239459
0.9322522949526292,0.06774770504737133,204991
0.9528906070597827,0.047109392940217695,330938
0.954544096086558,0.045455903913442626,114848
0.9566068123047502,0.04339318769525037,166591
0.9479531919826165,0.05204680801738383,387810
0.9304609943739508,0.06953900562604973,200857
0.9414160009213366,0.05858399907866399,198810
0.9545045372989087,0.04549546270109182,299819
0.8868197136343164,0.11318028636568395,385494
0.9427479019531027,0.05725209804689798,375220
0.9362429393789973,0.06375706062100334,308639
0.9477744928369859,0.05222550716301454,306022
0.9124928644332642,0.08750713556673619,239011
0.944076425309158,0.05592357469084253,122684
0.9348894256093263,0.06511057439067408,234667
0.9338484415984654,0.06615155840153503,248354
0.9373677988009165,0.06263220119908407,360873
0.9447797561914247,0.05522024380857582,252829
0.9035904585688125,0.09640954143118785,330936
0.9433567270915796,0.05664327290842059,383680
0.8884036306139578,0.11159636938604246,183319
0.9475877667499774,0.05241223325002311,248167
0.8862162683237388,0.11378373167626163,239183
0.9401816227547063,0.05981837724529414,312896
0.9480308739969936,0.051969126003006766,438593
0.9392117188523919,0.06078828114760843,262552
0.9562769139878479,0.043723086012152884,254387
0.9169676225256906,0.08303237747430979,417014
0.9355462229606144,0.06445377703938597,448776
0.9551193073632384,0.04488069263676214,149911
0.9452489462357464,0.054751053764254126,336809
0.9490888957923381,0.050911104207662296,130701
0.9373985990966602,0.06260140090334027,132060
0.950506875758028,0.049493124241972504,379335
0.8782448992010862,0.12175510079891427,235508
0.9564464567935577,0.043553543206442856,190519
0.9480308739969936,0.051969126003006766,408375
0.9488627876495628,0.0511372123504375,427017
0.8999456302914491,0.10005436970855121,374847
0.9565472154173277,0.04345278458267298,125065
0.9403294075853326,0.059670592414667906,334010
0.9039561690906578,0.09604383090934238,153550
0.9429832608483509,0.05701673915164954,219026
0.9505081169974444,0.04949188300255623,440624
0.9425143351363988,0.05748566486360158,155457
0.9359572820924814,0.06404271790751898,287406
0.9419909805221555,0.05800901947784505,275046
0.9449574573214042,0.05504254267859625,176169
0.9524594333461879,0.04754056665381278,304381
0.9386950037691304,0.06130499623087002,419631
0.9410786193686016,0.05892138063139869,134063
0.9563528168582933,0.04364718314170708,348832
0.9400585232163208,0.059941476783679885,251531
0.9338406290929469,0.06615937090705344,127206
0.9432550056901361,0.05674499430986429,416606
0.9388681166850178,0.06113188331498277,305623
0.8917237914360463,0.10827620856395383,283873
0.9388294379355117,0.061170562064488905,246132
0.950795030011665,0.04920496998833534,410056
0.9235440696568947,0.0764559303431055,347182
0.9163761768436243,0.08362382315637634,323016
0.9460155408606064,0.053984459139394224,225144
0.9465226632305724,0.0534773367694281,315111
0.9286701705062107,0.07132982949378973,200300
0.9572632688651117,0.042736731134888864,197600
0.9528646156494961,0.04713538435050448,266445
0.9388578513486775,0.06114214865132284,160092
0.9537094707807483,0.046290529219252266,182351
0.9447297704407616,0.05527022955923897,363122
0.9476496977091352,0.05235030229086526,416407
0.9307821413291952,0.06921785867080513,307060
0.9422948359001801,0.057705164099820426,136870
0.9288089010502903,0.07119109894971,326844
0.9459795249555056,0.05402047504449509,187470
0.9555085209447988,0.044491479055201566,163291
0.9334280998785803,0.06657190012142018,346132
0.948499629566896,0.05150037043310455,338149
0.9516862756837052,0.048313724316295034,412846
0.8885248158609161,0.11147518413908421,110429
0.9397632324761882,0.06023676752381228,183153
0.94501799966878,0.05498200033122049,139589
0.945355422134738,0.0546445778652624,238709
0.9381356886840666,0.061864311315933576,144478
0.9352391734917948,0.06476082650820575,359840
0.9410824541901853,0.058917545809815196,297012
0.9328682328243962,0.06713176717560419,382243
0.8754906272633215,0.12450937273667889,209331
0.9529039141531301,0.04709608584687039,331342
0.9487397388623681,0.051260261137632546,430928
0.941022652977966,0.0589773470220343,136208
0.9548298285871388,0.045170171412861705,393467
0.9452210866218114,0.05477891337818891,429630
0.9417937337639255,0.05820626623607488,217850
0.9442429027372731,0.05575709726272718,300433
0.9363179567241002,0.06368204327590031,245859
0.9483455549202856,0.05165444507971521,210946
0.8607127270948999,0.13928727290510032,294038
0.9317839479923664,0.06821605200763413,437320
0.9436638669558134,0.056336133044187005,132217
0.9470816922757828,0.05291830772421748,427713
0.9577447448873704,0.04225525511263012,154263
0.9477758263339042,0.052224173666096184,189197
0.9164822828947998,0.08351771710520034,117790
0.9559240321228253,0.04407596787717507,456132
0.9569488938907575,0.043051106109242954,165813
0.9456261939987871,0.05437380600121336,125162
0.933219690716701,0.06678030928329941,196368
0.9024791870977253,0.09752081290227482,205295
0.8996698588911065,0.10033014110889389,336032
0.9552828055554463,0.044717194444554166,234563
0.9460294040190377,0.053970595980962724,228129
0.9450443308346835,0.054955669165316856,294392
0.9285193435367795,0.07148065646322085,103143
0.9581961918812395,0.041803808118761075,432808
0.954743898161459,0.04525610183854138,158880
0.854643568316453,0.14535643168354734,325182
0.9351304532430627,0.06486954675693778,162705
0.8586847604009347,0.14131523959906558,278536
0.9440219636733961,0.055978036326604405,295578
0.9004805639664343,0.09951943603356592,371305
0.8613693543016316,0.1386306456983687,403210
0.9553490761538374,0.04465092384616317,194709
0.936974236825425,0.0630257631745756,351314
0.9018798177114377,0.09812018228856274,217630
0.9562272322753383,0.04377276772466206,113131
0.9441426299350268,0.055857370064973474,228135
0.9325367055540842,0.06746329444591623,231318
0.9412896910707237,0.058710308929277,324194
0.9458192030089846,0.05418079699101597,355644
0.8991579288950956,0.10084207110490472,305247
0.9396826341810606,0.060317365818939844,417301
0.9518895537436197,0.04811044625638079,396691
0.9412235084978323,0.058776491502167974,233161
0.9032563002389967,0.09674369976100372,191517
0.9203164865946255,0.07968351340537491,384395
0.8712915183803396,0.12870848161966067,243035
0.9398250444009076,0.06017495559909285,214320
0.9490861505101923,0.05091384948980808,172628
0.9418851626025715,0.05811483739742923,280002
0.9527503191288166,0.04724968087118385,408171
0.9425647695158531,0.057435230484147407,450106
0.9529931378917457,0.04700686210825475,108614
0.955413685361242,0.044586314638758597,421525
0.9505526877462371,0.04944731225376325,332257
0.9251619372450106,0.07483806275498994,258465
0.9548394231274426,0.04516057687255777,383733
0.9467454009391174,0.05325459906088293,240505
0.9198311947285422,0.08016880527145803,139410
0.9504689369833502,0.04953106301665043,154465
0.9226969146354892,0.07730308536451126,308082
0.9165632029019255,0.0834367970980748,235733
0.9441757788892837,0.05582422111071659,244689
0.9215739973228095,0.07842600267719103,127152
0.9417294878748191,0.05827051212518129,334944
0.958453769064775,0.04154623093522548,141152
0.8696906786643152,0.13030932133568535,128204
0.8966573314487601,0.10334266855124002,134010
0.941482544214998,0.05851745578500259,267252
0.9455594238896962,0.05444057611030442,193576
0.9559918297328508,0.04400817026714953,215760
0.9383346745109388,0.06166532548906157,273110
0.9157641166179684,0.0842358833820321,197938
0.9447691485884597,0.055230851411540584,198615
0.9490199494299715,0.0509800505700291,323628
0.9084850159212375,0.09151498407876274,325379
0.8961840906260855,0.1038159093739149,239139
0.9422397604977704,0.057760239502230186,316134
0.9510336467076372,0.048966353292363485,260693
0.9546548992540269,0.045345100745973345,147370
0.9481984215557864,0.0518015784442143,116221
0.9519207943078335,0.04807920569216688,290092
0.9460552638893573,0.053944736110643,291998
0.9266382873801134,0.0733617126198871,237830
0.94914925390823,0.05085074609177042,284293
0.933146315178736,0.0668536848212643,366312
0.8926962607134472,0.10730373928655336,403278
0.946488787842203,0.053511212157797236,381441
0.933510886483489,0.06648911351651138,292640
0.9341124587066294,0.0658875412933709,330798
0.8867398499687745,0.11326015003122589,440765
0.9364055900294085,0.06359440997059183,122879
0.9525829558117188,0.04741704418828175,398536
0.9142847496733522,0.08571525032664824,421642
0.9423359318776297,0.05766406812237097,134567
0.8908340642038844,0.10916593579611598,219832
0.9513762116258339,0.048623788374166727,131098
0.9426501040283196,0.05734989597168075,333002
0.9567622442639232,0.04323775573607725,191299
0.9443013067492818,0.05569869325071863,308436
0.9351524800401253,0.06484751995987495,298440
0.9448479244343447,0.05515207556565579,271012
0.9364407264673406,0.06355927353265978,126964
0.9455925128822524,0.054407487117748385,165717
0.9446718586565913,0.05532814134340894,159055
0.930460124303485,0.06953987569651554,313838
0.949752355799978,0.05024764420002236,200339
0.8928166952604032,0.107183304739597,291287
0.9416604927695008,0.05833950723049977,131725
0.9550705208796431,0.044929479120357246,426492
0.9525179231877449,0.04748207681225567,227764
0.9563243916156577,0.04367560838434298,220728
0.9523767287835877,0.04762327121641282,169478
0.9398682875511042,0.0601317124488962,218988
0.953390750165244,0.04660924983475642,344703
0.9547725016255597,0.045227498374440935,158018
0.9452429575769018,0.05475704242309853,411928
0.9493139601398384,0.050686039860161965,359633
0.9074270803523429,0.0925729196476574,413526
0.9471716529498486,0.052828347050151846,155351
0.9166722564730754,0.0833277435269249,161752
0.956477090353473,0.04352290964652758,392257
0.9342225141208484,0.0657774858791517,381822
0.9320275002256011,0.06797249977439912,402184
0.9336911335090496,0.06630886649095076,209618
0.9358096332179789,0.06419036678202156,232878
0.9045333580136589,0.09546664198634129,249956
0.9408981681643103,0.05910183183569027,248819
0.9335554247309164,0.0664445752690841,372545
0.9415513864554874,0.05844861354451278,210535
0.9118086128829149,0.08819138711708568,124264
0.9422095262761151,0.057790473723885454,323536
0.9440780724311219,0.05592192756887855,351242
0.9308663748476479,0.06913362515235262,238976
0.9556547733533898,0.044345226646610704,377922
0.8656275758902808,0.13437242410971925,273826
0.9502974517761481,0.04970254822385244,315543
0.9533546823264188,0.04664531767358148,404552
0.9473509284090181,0.052649071590982206,161410
0.914447532058573,0.08555246794142748,434008
0.8951445519404961,0.104855448059504,284449
0.9503982978301008,0.049601702169899654,258449
0.8886973572840181,0.11130264271598228,113200
0.9421004195777856,0.05789958042221506,173061
0.9436548681007011,0.05634513189929933,155834
0.9412801800635558,0.05871981993644455,178091
0.9260476472313759,0.07395235276862447,339167
0.9362026217541454,0.06379737824585514,370266
0.9436065993055474,0.056393400694453276,209163
0.9479143890128243,0.0520856109871761,257781
0.9539217488002706,0.04607825119972982,420081
0.8993719887631931,0.100628011236807,257612
0.9517832400013521,0.0482167599986485,167658
0.917344115077442,0.08265588492255815,174879
0.9305365624785671,0.0694634375214335,241367
0.9445158803028617,0.05548411969713871,328982
0.9491456731148689,0.05085432688513143,293499
0.9393312487012477,0.06066875129875251,328623
0.8836159697357968,0.11638403026420363,230258
0.9460058936427294,0.053994106357271095,215312
0.917428956679172,0.08257104332082849,281930
0.8952784228282437,0.10472157717175674,124222
0.9275204929614935,0.07247950703850682,338441
0.9035965004236587,0.09640349957634177,128261
0.9350699053746991,0.0649300946253011,152358
0.9560782253835478,0.04392177461645264,171285
0.943776769113277,0.056223230886723735,137459
0.9493248544025564,0.050675145597443974,113452
0.9340025637214088,0.0659974362785918,227086
0.9552053515021127,0.044794648497887855,104153
0.9497068886197111,0.05029311138028916,153850
0.9328825968020398,0.06711740319796075,419022
0.9168185145010572,0.0831814854989432,251641
0.9382149892254259,0.061785010774574545,273773
0.9318657352020187,0.06813426479798164,315670
0.8960716039216098,0.10392839607839054,166805
0.9284678082705611,0.07153219172943952,113094
0.9097299094600308,0.0902700905399697,351379
0.949791372693211,0.05020862730678938,408226
0.9445230625289027,0.05547693747109789,264665
0.8886257039720982,0.11137429602790228,327569
0.9507751475060857,0.04922485249391498,387837
0.9520911726329896,0.04790882736701075,399689
0.9455042940755259,0.0544957059244744,295424
0.9509286188594224,0.049071381140577956,362328
0.9457659920570844,0.054234007942915795,374151
0.9474973199850499,0.052502680014950495,319546
0.9358053343441902,0.06419466565581021,283966
0.9399143407279827,0.06008565927201787,149698
0.9535853386976754,0.046414661302324994,145427
0.93484674116357,0.06515325883643051,112792
0.90774718188327,0.0922528181167303,262769
0.9395845322958131,0.060415467704187105,412965
0.9496603307977329,0.05033966920226767,171175
0.9514751683581867,0.04852483164181365,241106
0.8921595953204488,0.10784040467955144,392735
0.9156355416557165,0.08436445834428383,292264
0.8629148628126281,0.13708513718737236,284327
0.9334013856289054,0.06659861437109495,168233
0.9453092561074682,0.05469074389253224,292459
0.9563552479776791,0.04364475202232144,116663
0.9332816355570237,0.06671836444297675,356267
0.9298705775311545,0.0701294224688459,259542
0.9580603297468692,0.04193967025313145,375828
0.9568302104239256,0.0431697895760751,346471
0.9456262579705921,0.054373742029408374,451800
0.9361958082839001,0.06380419171610044,182869
0.9321015132993881,0.06789848670061235,304777
0.8848255716534129,0.11517442834658743,212554
0.9409873223925374,0.05901267760746291,207402
0.9478714348307113,0.05212856516928923,413413
0.9273797355960823,0.07262026440391783,419424
0.932886836950999,0.06711316304900143,410007
0.9035199953322323,0.09648000466776806,220247
0.9333558182369783,0.06664418176302198,410195
0.9282672137946447,0.07173278620535557,258376
0.950125369262879,0.049874630737121256,255704
0.9436058264319007,0.05639417356809976,309720
0.9481316404621143,0.05186835953788606,185424
0.9467286623277353,0.05327133767226517,179841
0.9296357194298152,0.07036428057018541,189033
0.8618950938729002,0.13810490612710016,262003
0.9435735746552609,0.05642642534473946,320207
0.9343291665705611,0.06567083342943923,359071
0.9469285091604207,0.05307149083957967,431464
0.950255805133748,0.04974419486625266,448003
0.9250900267329308,0.07490997326706954,313597
0.945099674989656,0.0549003250103444,312751
0.9071130163384242,0.09288698366157618,393915
0.9505204205107325,0.0494795794892678,433176
0.8869326788062398,0.11306732119376046,350675
0.9364762351564362,0.0635237648435643,347797
0.9351592984121142,0.06484070158788639,117745
0.9550097387746826,0.04499026122531778,162743
0.9467384281964422,0.05326157180355808,175008
0.9091766409772274,0.09082335902277298,318363
0.94674874577612,0.05325125422388042,132990
0.947567123129902,0.05243287687009829,291992
0.9460018124803669,0.05399818751963353,360509
0.9399636981698231,0.060036301830177205,197842
0.937684159463116,0.06231584053688435,210060
0.8533114882156247,0.1466885117843757,255242
0.9068347349170632,0.09316526508293733,323683
0.8254757753109498,0.17452422468905077,223200
0.8944752902081625,0.10552470979183791,348173
0.9190552563592627,0.08094474364073787,100111
0.9268439774585211,0.07315602254147943,212246
0.9371600041908841,0.06283999580911664,445729
0.9459788142772618,0.05402118572273856,206289
0.9543222444223676,0.045677755577632845,306034
0.9381649734440656,0.061835026555934834,154570
0.9352977623548979,0.06470223764510263,149757
0.9242210806645319,0.07577891933546836,372612
0.910988829398764,0.08901117060123628,450932
0.9393218144270493,0.06067818557295121,407049
0.9541820021979138,0.04581799780208686,217755
0.9549292930234005,0.0450707069766002,390203
0.9500235504570698,0.04997644954293065,187658
0.9548558658654618,0.04514413413453864,360667
0.9258060691003753,0.0741939308996251,154656
0.94958906038309,0.050410939616910594,216599
0.8716072001226882,0.12839279987731197,451092
0.9382256981456232,0.061774301854377295,284398
0.9465223425054898,0.05347765749451042,271772
0.9382975062630169,0.06170249373698357,125657
0.9066854991858091,0.09331450081419122,130834
0.9371038648924471,0.06289613510755339,115788
0.8839174729686999,0.11608252703130052,283482
0.9469474480372279,0.05305255196277267,433048
0.9399135615532291,0.06008643844677108,116826
0.9476098384130544,0.052390161586946336,321328
0.9450628201552825,0.0549371798447179,104856
0.9423666481512905,0.05763335184871006,439878
0.8881077859466854,0.11189221405331512,429870
0.9459684136999726,0.054031586300027745,418276
0.9453826823974257,0.05461731760257461,350540
0.9168641066943879,0.08313589330561243,380161
0.902225539434719,0.09777446056528126,109864
0.9463257469410701,0.053674253058930615,278709
0.9513995116538146,0.04860048834618611,148968
